{"cameraMode":{"drawMode":0,"name":"Shaded","section":"Shading Mode"},"sceneLighting":true,"audioPlay":false,"sceneViewState":{"showFog":true,"showMaterialUpdate":false,"showSkybox":true,"showFlares":true,"showImageEffects":true,"showParticleSystems":true},"in2DMode":false,"pivot":{"x":8.1802978515625,"y":-16.599998474121095,"z":-16.203529357910158},"rotation":{"x":0.2856850326061249,"y":0.6655845642089844,"z":-0.3083256781101227,"w":0.6167083978652954},"size":45.548213958740237,"orthographic":false}