{"cameraMode":{"drawMode":0,"name":"Shaded","section":"Shading Mode"},"sceneLighting":true,"audioPlay":false,"sceneViewState":{"showFog":true,"showMaterialUpdate":false,"showSkybox":true,"showFlares":true,"showImageEffects":true,"showParticleSystems":true},"in2DMode":false,"pivot":{"x":-4.415341377258301,"y":6.909853458404541,"z":0.6122856140136719},"rotation":{"x":-0.032838374376297,"y":0.9605705142021179,"z":-0.12930653989315034,"w":-0.2439431995153427},"size":7.438838005065918,"orthographic":false}